{
  "Ano_nasc": 2009.0,
  "Idade_22": 13.0,
  "Ano_ingresso": 2020.3333333333333,
  "IAA": 6.666666666666667,
  "IEG": 8.166666666666666,
  "IPS": 6.466666666666666,
  "IDA": 5.166666666666667,
  "IPV": 6.833333333333333,
  "IAN": 8.333333333333334,
  "Matem": 4.233333333333333,
  "Portug": 5.7,
  "Ingles": 5.533333333333334
}